Email,Address,Avatar,Avg. Session Length,Time on App,Time on Website,Length of Membership,Yearly Amount Spent
d3cad99dcb7c750e070c25b63cb7ac60b938544195456d9ec7984830b19ed86f,ADDR95,DarkGoldenRod,-0.8599834447638691,-0.2564095841543221,36.63385670229112,0.6648882941794275,514.088957746572
01805861c6e41de1c24f6575cf76b16cf3c359508ab14517cdb45f12e3121dc4,ADDR351,SaddleBrown,0.27063612069609855,0.6053522074973237,37.33359061333867,0.289538984709752,535.4807751896418
d81f81656a74822b3c00094160a77884d700dff6301424ea8ede3203cf27eb58,ADDR289,AntiqueWhite,-0.7422986641037633,-2.260684019490883,35.74277912557426,-0.6397610230823828,356.6155678900057
e515eed045f62012901a5e1c3c424eacb025506c78170ef765c25537e706dcf5,ADDR421,HotPink,0.17984324834431856,0.04822438698442816,37.14209368933963,2.3543827688099235,663.8036932755082
40925de10d335b271864ce3f6229846d98a226ad94737a2ebc775bdd66a86060,ADDR164,LimeGreen,-2.206820649388704,1.1926673894602307,36.93615937845674,0.04110161357929394,490.2065999848546
f22d5ca4c252275704f990817adea97e4e54c5c28e57d2ae12f6f59332e022c6,ADDR456,Olive,0.39004717090660085,-1.3791281677469514,35.76615350038372,-0.15499520499150055,438.30370784642975
9cb2cfd75648f53d37659ba527d630fc919cc07965c643e53560c78dff326ffc,ADDR57,DarkSalmon,-0.35883697024429323,1.6733950515983804,39.25293095040623,-0.5634384904526986,520.8987944502368
e1e4826b55442ebbbf87d361587b273f630089ea542d6462f09c5cd97e3d4242,ADDR178,DeepPink,1.7103199244544156,-0.3625561002023448,36.81385766052378,0.556691143858342,554.9007830202702
565cf8c5051e136dbbbd082a28b730abad462fdf509d803943becc2c1eede7b6,ADDR205,Turquoise,1.5900925654991298,-0.7537670576996995,35.45986279714474,1.0222079534625552,568.7175759305223
4ae8c3cc530087094027563d2ee64156d8e7a4cd3c19db4057cc5c11fb66442a,ADDR380,Bisque,0.9524997310787242,0.1974742710430082,38.29572526401705,-2.4766386348559535,385.0950070687634
a77fb888dce4617087d5b4f2b1a637e57a936f8963a2e040bcfea65e95bd5301,ADDR138,MediumOrchid,1.5517973477426055,-0.8047702646247052,36.4944064828881,-1.0804773219112644,433.0487690958266
8a4c226a5e845226fc009f326c1e18b5300b8c1e3d69ed0519b8b4b33dea1846,ADDR495,DarkTurquoise,0.40014653412711687,1.262812413431219,37.96597162275134,-0.7961766353039648,510.661792219672
abaaefbe22d9081ba70b2b984841aa1662e50f3af750e2bb910d0cca40a08942,ADDR87,Cornsilk,0.8565190094884666,0.43049271879079987,37.15192066097144,-0.8976277891345456,487.3793060170291
cf7e9df70b575286c02ee0f377f15e2c4d9b2098605d1a82c0f0458691586789,ADDR86,LightSteelBlue,-1.256833344610754,-0.45182086364810464,36.182539282355286,1.6085162081145143,536.7718993628412
2084731075c733a0213077132d8e5ce56fc72f10efda7b24399b61b8e1d4088f,ADDR203,Teal,-1.546532503340685,-0.7462247550320456,37.03951365322458,0.27299694658098866,443.9656268098819
dc8cd06dff8620f9ee43ab4165b164550c72a38eb01ad484893a2d760bb60c07,ADDR179,Pink,-0.4123239717581169,0.09166237230970031,35.6742560274292,0.6017370818949995,537.7731625414566
ec9dfee69bf9287b051fc74f6d066c30bafe31b3538dee97fb7d4af1f96a417f,ADDR245,Gainsboro,-1.794093982756683,0.638342551515695,35.96566746423624,1.4925353641539985,591.7810894256675
83dc2485212955fd88456af30f5d14c921cb5dedea48ac78e855a74d90e7f861,ADDR47,Moccasin,1.5581963157739893,1.0588903618641234,37.33544589432572,0.34030979686183976,593.915002968289
11faaf788be511735b1d6748c9c54b51f43c50ac72f025e93d80de7d798d6d79,ADDR268,Violet,0.708239646988336,0.051914004794516494,36.853882459920776,-1.971033142630785,399.98387159812256
80026f504ce4a115c91db8d23b28f036362a2f86162c06e1944f9515df3c210e,ADDR408,Purple,-1.5460773578441274,-0.04147544235066753,38.50588332918249,-0.7152938501534811,409.09452619233787
eb9463f118b086f37409a6159b9a97609d5c54d193dbf8a3813d2bcd9b9acb3e,ADDR207,Orchid,-0.7603439440379499,-1.0546630643092754,38.252978273334655,-0.4488614180847979,413.29599918102974
f6741ef46d3fa51d7f5c383d3b8257b61ba2c8a730953f6162e59f86d01a126b,ADDR78,LightSalmon,0.10485883702497341,-0.6529531125622869,35.89243163440533,0.9489608129575642,544.7798637193825
d1fa06bc0d47daf3fe64212299f32c8f40ee83ad3283b31820bd26e7fe06ec14,ADDR379,Teal,-0.2600279965069993,0.3640779675069201,36.66579136924871,-0.00952447956995076,486.1637990666317
52b005d810ceaf4910b1abe3cb3b55e42992df9e33f44f083f218583d07474a7,ADDR313,Purple,-2.7036701891327075,-0.283633781264142,36.315763151803424,-1.4988118203265541,319.9288698031936
b422e227e42ec380fe0920e872fb3c0793dd348398697812829f03f8059b9742,ADDR175,OliveDrab,0.4013054351553828,-1.2262797336616094,38.83567008085342,0.12732607342553537,465.1766233052969
ba9eb8a86c6d73dea7a36a06747f0ebeafb8198ce0f759a1be8764e5274a40ae,ADDR220,LightGreen,-1.331074354274631,-1.3372685078001498,35.73870747121452,1.3235894357737554,496.9334462555319
05efabad0cc2cdb40a06b81b61c31176e23e9a9f39a4509355019708761590be,ADDR269,Pink,-1.4701508889429784,0.13602232411586387,36.8227532265912,-0.13393659721946488,479.17285149109694
751a526616779d385085e159580cc76117369b9ff632a2467332a3a002c08218,ADDR271,LightBlue,0.9880208410049051,0.8687630326144629,38.655094538522064,-0.27627395850415204,540.9957391083377
e922498b6269b62afd56ab70fb11fa53879c6ea3528473fc18a0329306222ede,ADDR324,DarkOrange,-0.2830000403264872,-1.1336067807862238,37.64629178743077,0.4865679946893071,473.360495571661
76b8ad62ad90801ae2216df94a89800122af43cc2eb95038ce6b96512d467b29,ADDR91,LightSeaGreen,-0.5598886466781824,0.4431739669987862,37.87521910003027,-1.0964088153970237,449.0703194428044
365c554bf6ab2e13b9f0e19e572512c78f56c61df187a48e8af60e75c0d97aa7,ADDR302,CadetBlue,-0.013309231563224907,1.0991205918868174,38.06692960186935,-0.6634037150630809,489.90805309753534
d33aa596d0c1485da4ce22ae74a9c6da4d4df735e78dfc8d44ed2e71820f252f,ADDR412,Chartreuse,-0.047890664248327955,0.9168111577659672,36.98504141740091,1.1029512911415071,589.0264897562791
88fe6bf8d928a9d3629692556fe2072090f4b2edba35198f340cd11cb596ecf9,ADDR34,DarkGoldenRod,-0.31783567169596505,1.0168787638656083,38.878040506759845,-0.7436149417983942,491.0732236795197
d7f5375a9b843ec78fe406297928c70a8e958c42fcb0b3351aad445c70667e3e,ADDR186,Aqua,-0.5166196467351674,0.206366144126869,37.06462119956545,0.07721030565591058,485.9231305248517
c8ff96f981c44b7d7d82e270260a801300dff00e475fab82b7554a9cc71bb6b8,ADDR385,Gold,0.566546187627197,-0.565833843292027,36.18913179541947,0.01654113491242516,474.5323294398898
e34b013e22005473002251721556002f50a8b44fe3fc2c00748bb868bd98ffa9,ADDR500,DarkMagenta,0.6912105903387763,0.3317113893785583,35.771016191612965,-0.83073451029584,497.7786422156802
1fc7015cf2c0243b9d9d6fdc15ed45ad80a799042be8acf1e2549f09f7539a77,ADDR457,HoneyDew,-0.27827969097798183,-1.0097968703786253,34.77975050203264,-0.9950611530561773,388.9405487921943
bc847ccccc435108b44f704a221b8b74795263a1c3b92626b9e861756400d3d6,ADDR99,MediumBlue,-0.767067422520058,-0.06667578075761547,39.074400211336965,0.37603810039530544,507.39006178986654
f52b34de86447596c421d1df32f9941c5ce2ef2251c7af4d4a6fa3de54b43525,ADDR115,Lime,-0.11045588291419157,0.6448717075179101,35.60082054911087,1.9907463871982611,642.1015787311585
af9cb8fbaf8f93dc01de4972ec00d4a739a307e42ef766b03d9cd717a88a8a2a,ADDR310,MediumSlateBlue,1.085888480885036,-2.7789021898934814,35.46240008104617,-1.750724438539941,302.189547809652
17e2c3491e5524f8ff5e67d066ccff73f5e0edba2576750684e49133702af748,ADDR348,White,0.7462098575581118,-0.7817708034416436,37.83397172859896,1.6336427716757667,593.1564014822196
168a350075ccaa89092da8c336d6f7ed6a41c6a036dc01f7d3da1db0bed7f9d1,ADDR5,MediumAquaMarine,0.2975433547855445,0.7077998513317025,37.53665330059473,0.9243706898090445,599.4060920457634
0f653aa1bbab6aa73b917b76d8987a6a1305afd0ad2cb56b309f75e61421f8a5,ADDR58,DarkSeaGreen,1.2898101095338463,-1.5173677590061194,36.17312563197192,-0.23576845310441952,453.16950235469744
4316cc9b460c0445cb3fc1af8639be5f38ea74d9e3acf0cad186bb66eb81c2c9,ADDR311,Cyan,0.2135945265741572,-0.4299140427558659,36.54860515461888,-0.18634398188338933,479.6148116731426
c42d10148cb5d8c38db4c2c7f46763a694b8b97caf91e836c052b881783fab4a,ADDR33,DarkMagenta,-0.8826880981594959,1.2996442608995997,35.69417498569782,0.8184730911976459,588.7126055095755
f9fa70cb136f79f53a0062668e98c38689884b5b645daae8bbc2647fd3a38d62,ADDR472,Bisque,1.5157571073378644,-0.6805411932936664,36.378271013194265,0.5089019644487173,541.0498309594356
dd296c329ba2d7e51cfe8ca69bcc4456fa271d41e41b3837f55a3d85c338ab7e,ADDR441,Salmon,0.164665747081505,-0.12076564298617823,36.831535850846905,0.004049057986939897,499.1401524490539
a59cbc6ecb1256e90df9e6a429f3e9f32ce66f2a77f511958e40f1180fe41c8f,ADDR405,MediumSpringGreen,-0.777512772626589,0.44029057487560497,36.688366542504845,-0.014037677000784069,488.2702979651482
af98d87d27c5318550d27874bfbe11efd35c31564b122a8a74f1c1223c2f07a8,ADDR270,SandyBrown,1.3072373703217677,1.3144725486619584,37.29204470528371,0.06256542655436831,585.9318442972224
8b7f5ea06b55eb72f011c377ab02195b975d8111431c8155dd18a9fff048e9c0,ADDR2,DarkGreen,-1.1373240626717225,-0.9766212198493089,37.268958868297744,-0.9036869832424568,392.2049334443264
202622314a00075e6f13bcb6feff175a62ae768811103479383c66b204a54085,ADDR429,DodgerBlue,-1.2022332132290359,1.9515137062925658,37.02226898591233,0.1980981147215919,556.2981411740467
66dbd6e35fa44ae6b5c0a77e505d1eb536804e3a95025617d3ff2527ab1fec65,ADDR42,DarkSlateBlue,-0.020330686913903235,-1.45115249562945,37.49669014561275,1.1293151636219323,501.8744302842695
3da58b91216ffde20f2502b39a57343c174c07891d5e5c9f0a46486c2f1211c5,ADDR219,MediumSeaGreen,-0.5196514414552966,0.2675599142361942,37.12234520816764,-1.2693261434379015,420.91615953269286
9a4bb4534ed28208956499f77c048350793e820cacaf4aa5c598b2b49a4f3d6c,ADDR148,SlateGray,-0.8005439430420619,-1.6050875601023677,37.33866962178549,0.9939268399950291,479.73193764530447
6008cb35c9a67db87722aefc744d5f07abefa3b4f816aea1cc73d18e00ff2353,ADDR13,RoyalBlue,-2.952393109632251,-1.124668695137423,37.42021557502538,0.5142131784877237,408.64035107262754
ef3598f42c0b300a07c1098f1f9dc68b8581df7fcfd4ffb2d3b29208a7a2dbcb,ADDR416,SaddleBrown,-1.5553503494665357,-1.3406110159601867,38.79123468689964,-2.1706277027181082,275.9184206503857
27841482b640b2b6bffa4095cf7ca0875a8b015cd6b2a21c59b75836712871c9,ADDR66,OliveDrab,1.3637683135270247,2.784213076961104,37.15762409406526,1.8795790611348249,765.5184619388372
441e1db80f2565927e2479a1d994671ccb81e773959eccd7c1f8d93cd2bb101c,ADDR342,DarkViolet,1.4529179457125119,-0.16959233509978822,37.76668677332467,0.8264990283944222,592.6884532021675
582a8edf4647eea8e25aa7ebcfa99c37c9f55cd6707c15e4631049581e10fb02,ADDR223,SlateBlue,1.3235202025294284,-0.9766256119561038,38.585854757332655,0.3567375312510785,502.4097853029053
f9972eed410c367e63fd0dd925be1059e9a5c2ebe7b73b7cfa82bec1a0904a42,ADDR343,DarkSeaGreen,-0.7117638240266012,-0.6766700302652887,35.77778217066089,0.33575252536001177,486.0834255029927
82915199db4614b0af95dbf8f1e7b50e83876dfd935c37819c3218c6e9f08e6f,ADDR316,Chocolate,1.4936867128702533,0.36049818627169844,37.53453024067718,0.4751642725534524,584.1058850493533
625d131cd008c8ef3b7cf43812c19baf9f0a58c87d19a46ace6ae95e62668f41,ADDR243,LightSkyBlue,1.03344314498747,-0.6976537925389105,39.08156474568163,-1.136595461063541,451.6286105401996
f06999b7b7c9d960c6ef953ba1652ef8da57210069eeddf4e89ccc93593522bb,ADDR83,DarkGoldenRod,0.471943742906694,1.8098383471061015,37.0589128165069,0.6005142252283513,596.4301726172283
d4415ba17403ed5fb8f4137acd69f4982a7d853ab8feda24a22a6bdcc02ac5c3,ADDR16,Peru,-2.3516600339280602,0.5493402830557832,36.213763093698624,-0.19205147703568168,461.7807421962299
cf139f5fd2c48f9833fd5317d7b3fe04f5331fa66cefe7415cfc93885616cd0f,ADDR451,Linen,-0.041950060088898726,-1.1391139492707307,37.64780805527063,0.2881591287742944,475.0154070877503
1043d8d3b5f9339b11711fb3cb7e56056360422e7719518dd476df40447c0d18,ADDR167,ForestGreen,0.6041825503203918,-0.04715517500255507,38.9240870506292,-0.6893454939197943,497.8119300055205
a2ab53791b3cff5598d3244ebc80e77ac1a0cd088a202d7d84347243ca7b1f9b,ADDR37,HotPink,-1.346382726541538,-0.3315586763243595,36.7657223578584,-1.7413294200743739,347.7769266318726
f62522c893a31714b0f7caf5475ac94394cbb59621e61e303ef8fbe807c304b7,ADDR162,LightGray,0.47432976293835416,0.3123541568524122,35.01280603355904,-2.486462822701731,357.59143941508603
3d9d186f4c18f8c1d09068b739daa8e7b32d87b084a8d6493eeec6890202e568,ADDR321,Gold,-0.5558303042871254,0.8808026979524326,38.296110372778266,-2.404833382570587,368.65478494706446
cb61937cb1206b51ed3058d31c00ecc355ee3c2a92a8f002528bf4067811f02d,ADDR407,GhostWhite,-0.17792367712372445,-0.012000120650807295,35.56917031744619,-1.1754475951971635,411.1869635742789
782e10fe2da25d0e119e1fbffdb3eff2b6b6a4220aff84cf6a4ce228cd0a6777,ADDR255,Aqua,-0.3354503935930227,0.2392661678611593,36.67387835766538,-0.1998134291973722,482.6024673294826
7c4c36b12e6d1a3934707f2fd4b1dc0faa5445bff11cc5af6d97d884402631e5,ADDR431,BlanchedAlmond,0.7251786965033031,-0.9489631030162982,38.40137368953426,1.0774181394032512,556.1863688687886
ce5f1fa095fe7a5e58139814f8e02b392926ab6896d33d53068680d1173e6df0,ADDR381,PaleGreen,0.35406107768102363,0.6947931854102781,35.55077226680613,-0.32449773754361283,527.7837897574573
35330ce23eb2ea4ccd71f31f6c80c3a97f11d8b7062ccf3e097f7dd524822595,ADDR423,Turquoise,0.8736743622186919,1.2125191091774887,36.393683855020775,0.9691868537343905,630.1567281670505
72ece9def873538b8bf6d720684ce805f9ac4a002e30b8766181ca5b72740dd6,ADDR497,PaleVioletRed,1.6991607169348426,-0.390800127175983,37.1902677104526,0.03224508267279161,529.0490041294304
1c2956833da18e78e5085addc4ea27a233d341b6a3bc8c87334e7dfa5f0edef1,ADDR369,Orchid,1.375581391490258,0.6423815613065378,36.232109802584205,2.2163608635350127,708.9351848669819
0ed58d70226690d0f5b9b08af57ee837ef4a30e55dcf731685f328a7a7eb819e,ADDR484,MistyRose,0.5797130379261983,0.12713551770099094,37.198427822725975,-0.6562866861689506,479.2474167840931
4d0b502cff8c04d639e4c4b11a570a98ac620fdd9af6b2550eb55298612ef9ff,ADDR210,AliceBlue,-0.4903659253188462,-0.2888200205723219,37.77736579677647,-0.3584397213141439,468.6684655991273
73d40811cedf9fafd8d06bc03ab46d3a4dd1eacacdb17aa35326ae29d29a2fab,ADDR181,GreenYellow,-0.8268546947225436,-1.00170165472727,37.9596843202141,1.2092239346856732,517.1651355939779
e3d8795241e1ab1d633b2b42f94a655c1566effacd65833b2981e68447a95e67,ADDR386,SeaGreen,0.2010885011769034,-1.1134215064168638,34.57402758718963,-0.6292278262995893,414.9350606518193
c13298f0006ac83ada2cf44168b48d7dacf904afe6a04fdea009123401c453f2,ADDR132,BlueViolet,-0.6126860578779769,0.33702935046145543,38.94882502753235,1.4105572760568983,573.3062222574563
fe19bed563457be50563d3dbf8616f8694a10d8ea99a327ac0ab919fba4677ba,ADDR136,GreenYellow,0.3258705923054571,0.6163701590480047,36.10091445210865,-0.8420697658077506,482.3535703213531
a734eef82355e524349e299f201ae03e9b74c72a32764f51d709be055541b96d,ADDR329,DarkSeaGreen,0.33723088303287124,-1.4577594617979568,38.04031366664072,-0.556057801555106,422.3687366068266
79610056baabcaf40d18b499ee03c1eae39e2af9841d2d5ceb7ad0dca9475edf,ADDR170,Salmon,-0.39317374069237915,-1.0337140034114936,37.63300941664362,1.2021211183020208,501.74923330839226
51faaac3d931dfb09ea656134eb130cd3806bc541a5dec33a6851fde8310ac22,ADDR419,DarkViolet,-1.3951551822543886,0.2421195901564608,37.07437106706513,0.4486092897650149,475.7250679098812
765f2f195f77cb2b51206434eb3fc6ab52f975a49700a6cd5a5c98cd04558c11,ADDR335,SeaShell,-1.0860268196129446,-1.328677901578311,36.59586794587455,-1.6083625730776496,330.5944460341002
b83fc0afbc83a1a415bc09026ca73caf49d32991b2c511a4a3c48db820ef8b82,ADDR420,Magenta,0.6928184244621326,-1.278881391380962,36.01231723045213,0.16015179635172197,483.54319386538816
5a6f29ec8157d190e80df7b799c1bb65cd7611ea72b49889e5ef8e31192ce86e,ADDR367,OldLace,0.062232156880243965,-0.25452990577874396,36.841491638054855,0.06887573062688888,502.0925279023197
c44fbc8ebcaebb6b9354f892bfd225bc90b65a753578cfd1c4701fa316df125a,ADDR127,MintCream,-0.390469329764123,-0.12881659940083556,36.63465232853774,0.5753770083012245,516.8315566841785
c0d6034770712ae97673adce10a427837f9cc90c61dea9eeb6a937c02f1e0195,ADDR400,IndianRed,-0.6758069141700611,-0.1149995964294399,37.19936752783635,-0.7337659331049646,408.2169017707518
930785c4c303cb6a15c82d4110af9e5fc946faf0e981fafba462d20cd27563b7,ADDR318,Purple,-0.19479018862876726,-1.1128142075262393,36.60950715426321,-0.6914179984102139,404.8245288726869
af525d85c4b18e7848cfc837e240226641e832f68f849cdfc4683b553b35fc32,ADDR80,DeepSkyBlue,0.13045998256365218,-0.15787502695136793,36.91463331144087,-0.38990966423647294,475.759067788328
8fe2711c92494fb9080ea8090a1bcb96d428f5a142b8b3702ea23ee7a6937e31,ADDR256,MediumTurquoise,0.09931708795714728,1.803075022283968,39.22071295098572,-0.6543824206378455,524.7976275698039
cfd2ab12f10e37802a9f0173480822237e2dfc3fbbb6fc52fd7908fe98ab49a3,ADDR252,MediumTurquoise,-0.3176714241808374,-1.9536115506448157,34.84561239331277,-0.2639983993614145,393.8573709860865
39763d0ea9a37d0aafcaa9d785e827711f6106cd872d33db7bbc01fbd31c8524,ADDR447,Olive,0.47003959009734486,-0.14013999443560188,36.486325072393406,0.4028639255361803,529.1945188649573
6bcee58ba926a5d496d545ac6ff3e6d570eb78733a7fda708c266e5336f7697e,ADDR304,GhostWhite,-2.271477214626074,-0.2352583448071708,36.92504303887863,-2.486462822701731,266.086340948469
b0a750145e7cd3aad3abad6c124528059ddb8d38644038f3144b796619dc79e4,ADDR436,Fuchsia,-0.7963835430593291,2.0444677887968847,37.023479236405706,0.22255592779403044,571.2160048349454
842b1a70c7f04a13ea459e5e41c2b7832c79ed7faf97a15165b7546ec2b8e03e,ADDR26,Teal,-0.010334466738070633,-0.3207780973240403,37.73852494557909,-0.8445029137347935,423.17999168059777
82f565a1de8b6cafe8ced1cda4c6096dd617f8cf406dad0ce3772d78014b0012,ADDR51,SandyBrown,0.22159364055842118,1.769849838287641,37.78026468722867,2.4529933245595905,725.5848140556805
0ba0020acba3371caf8882c37db19b6ea8c028dec2e67699ad2f2f5db771d8d1,ADDR364,Chocolate,1.1648031563300123,0.49432464136515286,35.444264696393994,-0.418500745038476,527.7829957560522
c1788b847b9cc7dbd3c77390a74490595baa96f39d4d3fce0c6d9e298c39a1d9,ADDR372,MediumSpringGreen,-0.6489308607485041,-0.47747124614725023,38.11045690682496,-0.5933909448810742,447.3690271993314
07e325ce9e106ead775e36781f9f96b43f04bd3c6bf9841153ba632ae6c0f306,ADDR338,Khaki,-1.2377493911835662,0.37401768863204715,37.42899736939191,-0.5850029375839763,440.0027475469415
47c2793b5934d855a3f0c0f5ec9eddefe713d938580e487432e341f4316d57b9,ADDR172,Green,-1.200096402665371,1.35551479685572,36.87831536782346,-1.214416408473701,439.8912804768136
9980a46d9b7939e9a9601b10d7495f9d287156b4d6819c12f564745aacf4744d,ADDR403,BlueViolet,0.5716033591423582,1.1649937095910272,37.30596141998359,-0.6251684197452518,528.4193296952955
210e50481268b58f94ebbfb4dca4f36e490ef05e996a6cb0830051a147d3574a,ADDR333,MediumVioletRed,0.10706025282627478,-0.3495278038982896,37.93518904595916,-1.3897627018049785,424.2028270990325
d04bccade460778b044675329a0244c7b72376279573bbfd6754056d8621a5da,ADDR129,Moccasin,1.529692561694737,0.6647213309550558,36.71413783923341,-0.26814050673115,548.2803201983364
6c3a11672670b43bb16abb7256215ff0ba43b045fdf79c26e5a94be1e791cc7e,ADDR183,DarkKhaki,-0.5540120081162255,0.7453849791849685,37.67924462448078,-0.5875317032927452,493.719192978176
3c1b61b4406c166885d005c700d51170ecd3dbf23c6b1b2c5743312991bb0dc1,ADDR358,DarkCyan,0.9835070016826263,-0.2319777118491319,37.49189221040693,-0.8033462136992846,461.62827839108616
2e9154463da92e21ce6a8cd0b705e4eb0e8efaf1f3a56800094e7d076a8c69a3,ADDR201,LemonChiffon,1.8789440861722062,0.9802955867261802,36.67822227440393,-1.666100257764898,504.8704323933724
6e309ba76ee6cdf76092132bfad98a0ac6f085392c12790e60ca0485cdc9a805,ADDR189,DeepPink,-0.7727315381949909,-1.1833653322100783,36.094241952849465,1.2760723309985191,524.6379646141049
3c6e40fe9050c01366c3bb23d6d00f5059c1f186a00df6137ce8d6edc8aca3f4,ADDR418,Chocolate,-0.8417935922368456,0.12991430944527005,36.95395970110429,-0.650858270961834,438.4177420114685
75a928b295e922bb99e9045f6b97edb8c1008613e3a7f33ec5118d9430041c60,ADDR293,DarkOrange,0.3418280662479321,-0.9426752054497014,35.94639914639545,1.9584234044628974,584.2183134866808
6f60ac613bc245e95b5f4ffe06d60c5f500caf919305a3ea82dbe166b386ad9e,ADDR44,HoneyDew,-0.14862209632460896,-0.5565296441618524,36.888086054199256,1.1263802317153733,547.2443434159983
74b8520997095a2bc56e6f92319db228b51a233f0b8bdf8c2e5b85c9b41e45a6,ADDR465,Thistle,-0.5171886058624964,2.033366782510233,38.40632901011416,1.8206022730787208,689.2356997616951
aed5d8f4257561cd72cfc1098b92d42341d6850c2fdc360e242f9276a463b7d7,ADDR234,Thistle,-1.0571405100422828,-0.6910940222510455,37.33281445580523,0.26491126980534757,463.74598112062944
3a3341fcf2dc682693b58b38435802b785734ba2b69c2676fc30b4d1c66ee8c8,ADDR225,LavenderBlush,1.6380029225071697,-0.22018757439961345,37.71777057005867,0.47000793699068255,555.068394054576
69931a8c596a024391eccff06936e0a2538ed3d5f9c4b52dc7ba4ade2d633d1e,ADDR31,SeaGreen,0.20684545301359789,0.2184087766972888,36.16364817104465,-0.49512051020179615,497.5866713004408
2ce9e7413649bddcc468d0976cefa7bd9edab9543ec0fd75ae186cc80b30cf7f,ADDR283,MediumSpringGreen,-1.4146754896981808,0.9269004772896937,37.78903634703419,-0.5486187357057835,475.26342372754846
ad7802353b1ccee81c236a0c530c36c40b67bf54e082dbd86bdef6866a224870,ADDR281,Aquamarine,-0.7842509123784762,1.3970855497554795,37.55088041321525,-0.4705356578221513,511.9798599920658
fada5bcd0717dbb1d55fae90fb79d6fbfb810be471176fd9b97cf2546c83d21f,ADDR229,CadetBlue,-0.31889905786537265,0.9258177922166565,36.65127791701514,-1.2074814454450795,458.3769106506301
ce86db545f755b8ac09a3322dae16450b8a92666f99e236d895b80e45b468a12,ADDR198,Peru,-0.6460157085358463,1.720624239819657,37.42676891745393,1.533267397339465,662.9610878058954
51817454ccb9e7cec0f06a0f1cae288513b2fd73b1c368cf6f13ae802069e002,ADDR237,WhiteSmoke,-0.3537180357036366,0.51351242738819,37.37011822360151,-0.08007993638168234,501.9282648732441
398d26a89f353eb749d791f67f53295010635cf0ec21b67d87f339583fab95de,ADDR442,FireBrick,-0.5135770048884551,-0.9647251168591762,36.97937237345656,0.5991725007192382,510.5394216996283
e6c2f30932443e684acfabc234db3b83ac8c0d7237c89e0b68f662aa1ae7e074,ADDR277,Navy,0.15542405890754946,-2.2389777205988195,36.876313233417314,0.26830214342203473,423.3083340974698
a1e5358b710f26d2611b6853d5029927d1582cecb8cb066718dd01718aeb9972,ADDR474,DimGray,-1.4606211687827158,0.6233780939768715,36.16646339192148,-1.0075024022228323,444.5455496511082
f231f1ccacdf2c6ac7bc09963a6ffbebcf18707ae127233d49cbfd4730f4cf86,ADDR125,SlateBlue,-0.025189628605787415,-0.32541482021602325,37.57016384471318,0.296507255949152,514.3365582674007
8cc998cdbe3dff03edcaff6653a473c04f06cf09b8f75dcf20b7e78c2c46df0c,ADDR246,LightCyan,-0.06070679069657118,-0.8849932662628425,37.68933697894965,-1.1613431802370078,409.0704720533178
e9b145b46e24b3737ea1b6fe7652ded01bf2a84700e51af80936253ae5f8c084,ADDR62,Magenta,0.03789321806585885,-2.47760281967311,36.49399254673739,1.5755819912940057,507.21256900067846
ef579cd7f528cf263060eb4fb4733ad0529b252610bf391efabd7a6351605a31,ADDR161,Orange,-0.2057148225689912,0.27728689087387226,38.03910938707497,-0.24196609843599698,468.9135013219844
347b194fefc6d622bf2141de707466c0c0ef912d9c5919e4addd670651cac5cc,ADDR241,Cyan,-0.11937086054415398,-0.5183211494647312,36.90937820695247,-1.1009099261803248,398.163468533652
d50c55a66a7a03d478b20e77818a777f58e34e04ee193d737065085f382cd343,ADDR244,DarkTurquoise,-0.597583088319867,-0.26365176232492304,36.94612578169275,0.11476992111470749,490.6004425003995
68f6969482f8c60b319cc6519b1f74ec3d632e347d51edc56f75edc5cbf85b98,ADDR487,DarkGray,0.4218045829205501,-0.08086049689817496,36.53409567089256,1.1971271094931653,576.4776071703129
12cce161f2eff03b8a2ecd759a024095b850997188d507fcb81ff6b86bc11841,ADDR40,WhiteSmoke,-0.4824607218772051,0.40186185857770673,36.37147981406854,0.6947477103302331,537.8461952695957
f031ff2ad4ac58ca0357dfdabe17c40f03e7910782cf5167695871fbd3c38fbf,ADDR52,MediumVioletRed,0.8794510453776241,-1.1291726334051295,37.266878259420906,-0.6076376797889433,442.667251738628
4122a374ab7411c0868108ac0ecd0da45ae97d3c6126c7f6be4fed2519a6feac,ADDR344,Navy,-0.7526804764290779,0.727988286947048,37.95780983454751,1.097833026300362,576.0252441251166
6d04f8072ab874d3983ff717607fcc8fbed2a3e37e246d365464c28774198e1c,ADDR450,OliveDrab,-0.3721954009195517,0.5069611743893464,37.68387537364701,-0.9983132357156609,444.5821649786528
87673d80e480718f7e0bab148d5d97abc77e523833febb399c79fabf0378cd7d,ADDR187,Red,-0.5672306619960779,-1.1526930758068452,36.54550622682937,-0.291053060147865,425.7450920310528
9cf94b51759e3a201393703b49794e8e4d1ccb8dc2b6abb4717bc9caf0dfa6e4,ADDR60,Olive,0.7310707617931866,-0.02266538244219562,37.271221692501925,0.4363967366105685,547.3651405940458
3b9f8a396c9e0df283757e5eb0c317c48d3d974eae36838935a4c9c194199aef,ADDR214,BlueViolet,1.319316862517375,1.6343461743065955,35.773116391246816,-0.6524197398134776,558.4272571753238
85a22a41834d2be5782e9eb60afcd857bfce7cb26ddbee80ad79034b1d7d89ca,ADDR320,Indigo,0.38785580481015985,1.3032695221250081,37.19419104646396,0.5383101389435024,596.516697973153
5e6c7fc0ebb003219f1cc4918194399bba878b9b6f5660a42a81d00fd4ba7192,ADDR240,White,-1.3472843307646971,-0.3342371296200907,38.57360522634684,1.5168347809112255,538.774933478023
bc15dc5fd01c4c9c54827e4b46fd0f2d29b0c42b9e49900fab134d2b07395c87,ADDR401,Snow,0.1357668790967972,0.9910839717790353,37.329818625212354,1.9081064096045066,663.0748176067602
cc1358fd1c6b182c3c81138ad43e2d64be3e0fa092bf9a5440169b7ac9871d27,ADDR137,Crimson,-0.3609825682037203,0.12831328304268574,36.59436168489157,0.36107042799890293,529.2300901235094
fb4a3bf506174e74dc3d21a2598619a4012c1f8d59afeea641fe860cf0b6b2e3,ADDR21,PeachPuff,-0.12940966431491757,-0.7207883946809832,37.60779252420698,1.0819461931068162,534.7057438060227
a2dbbdab63c4d5c74c0c6b3456791d80c3a729eb83a4a62a32e6d08db6eebf32,ADDR498,Cornsilk,-0.401188854443978,-0.5869751696954485,38.33257633196044,1.4494781113080377,551.6201454762476
c06b6077f3ad563265e39fb023f70dfdb5cd50979593310eadfdc1c24e3e0039,ADDR135,DarkCyan,0.5124099421183002,-0.23476663439991224,37.42454792226391,-1.8230149422335216,407.8040306356823
7d02e809d06b1c2602c46b50638589e49b6059d2d0ecffb9cb293ff0592fa7a5,ADDR427,BlanchedAlmond,-1.6492388301116205,1.1837171325517337,37.23984661097634,0.4892681784787183,530.766718654762
470e9e8c9b3270380c0c0ec744e816bea9f6110164abe808257987803acb925d,ADDR190,White,-0.856841892815225,0.18999471925345957,38.23260622710401,-0.2344966091004295,478.8853913201482
216e4d2b1ae41b6aa2499bab1e492b3f0e3a8e59e497a624e9bdc3b6f7d8a969,ADDR160,DarkRed,1.562408902262844,-0.7082030959292839,38.304471191707776,0.24600487186748635,528.2238093680072
da335bc28fbf7474e711b13e4da8763457f9b5ec30c9f0ad99ee68d646becd85,ADDR490,Magenta,-0.81030235430566,-0.7806825247217839,37.13312675937632,-1.884905976429552,327.37795258965207
48216cd8ee15926b17d5c381f572b65606d9aed0cb59c32edcd206b5c3d845e5,ADDR392,MediumVioletRed,0.45208278029538657,-0.16803892842021464,37.31770494919684,-0.21411142677668735,503.1750851912004
155e2860c42a06b7503e0574a0891d210580cbb8c71aa0f40834488dd67930d7,ADDR236,MediumSpringGreen,0.14074618125658545,-0.46370269079773935,35.96889569049678,0.09129171219413038,501.2091726816533
5f765ad9a650ed049fe1535c253b2c7b205bc0d5653df131943303df7f4f557a,ADDR437,MistyRose,2.445647394116886,-0.174493748336499,36.08964365766702,0.4675858227996571,583.0796356620574
a417236563144cd4bc3de27301f8ec7e2b824b6dcd4a8a19d8bbfb7d7031955d,ADDR111,Khaki,-1.2121092203594985,0.06248741654046478,37.32533422381935,-0.18798176952738027,459.285123462352
b6ac45d28c26c350f5f0f2a861d573e2297ffd1a7f0aaed290f55fd0ef1f837f,ADDR38,LightSeaGreen,-0.17789714819461444,-0.10234267843188027,37.0443614002997,-0.09508112310695123,490.7386321439546
9d150c13c30583145d0e4747d8f697f3ece3dafee55385ebefa9723195cd111c,ADDR151,DarkSlateBlue,1.327468898266363,-1.3694220788463678,38.3072040068692,-0.9158679312499846,426.7752159856604
397d19a2c1aa432f1799165952d7723be3c373f22dcb66a9f31152da651e3808,ADDR267,Blue,1.5487199828019333,-0.30882797398641193,37.97982686004657,0.24532891965417067,554.003093429799
2c362c993bd4f3ecb2d968cad9d59327921be935190f9df5f80a7e7eaa5b2eff,ADDR350,Bisque,-1.0533076279506683,0.009042871614885532,36.37750903434099,-0.37554140267454283,443.19722102875545
4bcde45eb848a79bdc53964deec3659473f53e9401d2a7800b6536f6956a47cd,ADDR98,OldLace,1.169199456764651,1.2620942304950433,37.827394227862136,0.7250771896371572,614.7153338263417
76e60657c88d8b7101dea4e07fb6bca469c95b97bba6e369eb4384b9c7409526,ADDR305,DarkOrchid,0.893540922785595,0.1795249677514909,36.57503097579012,-0.5350133212637763,494.6871558102853
1cf199ed4d04818c93a720946771f202e6280cbe84f47afa972c6515105e9b3a,ADDR365,PaleVioletRed,-0.44618190397639346,-0.3221420951822147,37.922703809566,-0.01977731661234271,482.144996875768
cb535fd9b0d63af4c4958b0cf92e0f909658277ace988ab86aa00bb195365976,ADDR439,LightSteelBlue,-0.9097024161772129,-2.037943853634314,37.18144731064989,-0.010256862282733854,392.9922559140308
b979ca46a5135881dc953d23486a43ac0a1c8f3131d82cac88d5ec39770e92de,ADDR79,GreenYellow,-0.4518587628315572,-1.196344626639797,38.21257083414733,0.9200074228477354,488.7860610939056
919c92c051110701651a92e10d92688cabc9cab22ac00950a68a0ac25ce6cdd8,ADDR100,Gray,0.8039760600670639,-0.0027457372233578056,35.89035795567322,-0.5368622518975299,495.2994425473086
cee1d148ad56a78372dfae257298bddaf9717cfee479d98fa1919dd20b6f1f1c,ADDR259,Orange,0.21232941137107353,1.9810059006069243,38.99332245115573,1.4702086259995606,660.4251842914138
755d1947aef0aa3d9a9439d1785437a68cabde0429809f3347993494ce5449dd,ADDR113,LemonChiffon,-0.6651179867636627,-1.0755230893914605,38.415041581538325,-0.0015809523497814601,424.7626355099111
16abe9331da45627e7a5b35f7380cbaeebd4c43d393d77601d3afec83d0ac96e,ADDR50,GreenYellow,-1.408299969535488,-0.6882414795593794,36.59445670006827,-0.35559497970850784,416.3583535799008
83fa25b2fa9c1b4ace2bff392b618eabf75a18625c875dca48acbc704a5af8be,ADDR354,IndianRed,0.5233153149881005,-0.14982820359288437,35.90025278215821,1.0238871657678166,558.9481123879059
5367287c46e1d607d8dd7d9842c77789143d16d90a9310ba9bd178b040677423,ADDR221,Orange,1.1015083266585146,-0.4945842412151131,37.743619699549896,0.13693040055660077,519.372976801355
1838a783e832ebde0c3ab34cd6ac0cb3ead205129c82fd11a42c851409c7fd30,ADDR303,AntiqueWhite,-0.06564800428407845,1.3065985492186072,37.80697766984659,0.024573550450636937,541.9722037582585
2b3d514bce5556725f3cc21f97b57955aac64993e0a0b9df474f4c7f2ce1f5c6,ADDR96,DarkCyan,-0.5907787014047273,1.2033698890357598,38.633625651583536,0.33428718433590504,543.340166256701
285bc8104654dff4e16eb6a0867ad4f7e3446d4e0e914fa47f2fbd6d21485fe9,ADDR206,Gainsboro,1.969992269384658,1.8312341511201882,37.952013186883086,1.5606959431118512,712.3963268096636
1b1a7bcd85ddfb1508f7ee0af8b82e9abcf2246e04b527e7b47e8e9efa0d4586,ADDR118,Orange,0.020247015838254216,-0.36064971310212623,35.9990993016087,1.497230161909692,593.0772413447512
fdec768b1670c22ff8a4b2028a0aef5ac6e9b0339380e945f40307b8f7c26a59,ADDR285,Purple,-1.7645648596737042,-0.401623831405625,38.71707629773135,0.05047072690339696,463.59141802794056
8435116408102369d19ad6d47193ccd60f810b01306a81f2f3fdeb1e5988d60d,ADDR247,LightCoral,-1.154330360743439,-0.7390026783380986,36.32365246819823,1.8147151069315013,563.4460356732392
4fb9a7ef2f80dc8eb9f0775c3b328bd4b5f60b1fff662da5691d4173601c8575,ADDR126,Cyan,-1.4950600201079205,0.4926723668810009,37.09326487011031,1.012249905012606,541.2265839893283
83ae996d55224d89760e8e332f44220a5c090771a71bb5fd67b633ea432eef0a,ADDR76,DimGray,-1.0110760408669133,0.15110053008663685,38.73086173541955,-0.4354246636933801,478.7193568742153
a44466486b6c3d379822f3ca081c037f3ee5c7bdd43d3fbaed6036ede3aac875,ADDR230,MediumTurquoise,0.9264655221444227,-1.1020079474004687,37.9514894585739,-0.5070750834874614,436.2834981467513
eb59c9ecaaf3730700bb70143a4bafe311ea80144b7a908411184daed41f07db,ADDR363,LightSalmon,0.9619846694645338,-2.768402704178796,36.91495154541398,-0.6940424557639834,384.3260571375157
54cc319953228b23d759784f91aea2297e8a1332c351ee70a4e59031560fff4e,ADDR145,Teal,0.9043807805481732,-0.17528805514468304,38.27470219571763,-0.6513638388137503,460.0612773912433
3ecbc0fc8dfc0196f4381ebb9625c141130db7c192ecfbf67ff97cb4acbee13a,ADDR328,Tomato,-1.9528217172538727,1.1911925193202546,37.38718052656558,1.1087555657231816,557.2526867470547
cc0219dc160cacaf8535bc44afaeb536c77806d564ef04dd67ab147f9eddb2b3,ADDR266,HotPink,0.8819985169651876,-0.41764907704920834,37.34126616101072,0.7301822289354685,567.4750105270774
14966b9b36d5a3d5fc67408860c295840619fd615192d5e85db040b7c4c29757,ADDR202,MediumVioletRed,0.988759580684745,0.4071674600891298,36.04545942048616,0.8058074272774678,590.56271964715
27839b5b1b7266ce28756c6108394bb9dc1e6ccf71bf75bb389dd4a0d3de1ab5,ADDR340,White,-0.042898866279574344,0.5020115091434934,37.33224074655334,-0.7601116414109148,476.139246872566
9f4fe3264069aa2de21349cd87f8bd592facea975bff54e34f1d3cb1800b9e68,ADDR397,Green,2.761866258429421,-1.1960834097113269,35.565436237139735,2.4529933245595905,669.9871405017029
e194b4006239de630fd04fa271e5854b2d60ea53af6dfff3b42769e7485606dd,ADDR92,SlateGray,0.5890796511845855,1.428336614485524,36.77312349371806,0.5954078915895696,611.0000251040717
b1e79d135a8027c7c80e55ee43375e1225d03dc131efaf6a95b3d3924e01d9cc,ADDR469,Beige,1.1862810433497801,0.5805189184768594,37.48704924855169,0.16055496353071994,553.9946735912697
8359e92aa284b8bbceeb9526c37115b284f2cb176184b105f9e31db8e636c925,ADDR104,Aqua,0.4070250472337204,0.5081865039845459,36.26203180012439,-0.5902304485678098,492.1050523891852
f8b664bef1f05bdaa03e5a3b9b59c84f465ce944951317720717d1fa4e336c82,ADDR152,DimGray,-0.15564723924180954,0.300111752752627,37.431159098326106,2.4529933245595905,684.1634310159513
4b908b6ac542cf54c1863a9e27c675b84c76791286c566ed217201bea4f75cf5,ADDR56,GreenYellow,0.9050671460155214,-0.4977979898013741,35.25224202243303,-0.1569691978214164,483.6733080190456
31ca1af4ae2abd56073e86067081a4c1a61a0a676e02b5a5970a1a839214bd3d,ADDR332,Wheat,-0.7814458012461738,0.8672990178830913,37.1088163801084,0.14854859363062575,533.0400601788124
bc4b8c72ed77e014be0996ec1d1950129046ca170fa5497117a766b6876a903c,ADDR110,Chartreuse,0.3243135955131072,1.3642310092247727,38.5030088492416,-0.23207851389982845,549.0082269346927
b953b2436b9bbc22e92c54b802ba38590744c2817ce6ffff5a489329bfc4824b,ADDR75,MintCream,0.8585273203438673,1.4998029579282306,38.260353442660126,-0.29434742921802587,578.2416050583773
835737f2698e0bf0551375d6527524caa077cce1d2a0a11628eb3db76b3f81d3,ADDR177,RosyBrown,-0.7221433791988122,-0.5376610481530806,38.57651554990162,1.2599704849052664,532.7174856761748
39d80b02e564246b35b44b4a4eb29f3b538edbe32f97b6763b00f9da86987fd6,ADDR430,DarkGreen,0.2586319216674708,-0.18019204535496686,38.42286529341121,-0.17272683596185626,502.132789227254
d3119c9ee9461b08286853e61661893dc9525dbc2fb985a5296cfef3feb62f4a,ADDR19,Cyan,-0.8701102207725286,2.626510334620413,38.24411459434352,-2.0806218093668223,452.31567548003545
44baeabdfa2590f6a0970ef4979b8d86a3d5911fd1f0a08cb396b4867bafa8af,ADDR260,CadetBlue,-0.963802669454539,-1.2809552926093117,37.37276214632111,-0.8672464608604705,375.3984554102431
8007398bde480525dc66aad58c881ce8eb4f61c9fa49db4e29f57cfa0730e774,ADDR352,YellowGreen,-0.8680334406074652,-0.699521367590101,38.19748324839899,1.2956822072405139,533.3965537868428
4e1cf1806966677ccd79e42d105a63839c104184553570387823a19305137b2d,ADDR232,RoyalBlue,1.158912534914035,0.05786404841386892,37.25803145871123,-0.15152012248389773,512.5525343564015
01066d38c0002cda81bd14bb5576cfb1c0ebac96a9f558b12edae974d19d3eb1,ADDR171,LavenderBlush,0.39774549227808753,-1.448954435078995,37.57883524203316,-0.634585084258503,421.96679418586734
284c65100202248007ec3bf88f980b9909b851fb7e040329a9aff13ab88123fc,ADDR88,LemonChiffon,1.4389786661104313,-1.4779691386995846,36.81909551318471,-0.18321322271996107,473.7289665129948
00183abb3f517afe3d98dd5dc365a7675e27257cc6dabaabcf69138b52bc533f,ADDR55,DarkOliveGreen,1.380018987490212,0.5579227137648496,38.46832110587932,-0.6877152631405817,522.40414125956
0af28abefa741f39f3f2e243cdecedd2ab974a47b907c2872f54eb32fa7a1575,ADDR188,Lavender,-0.5067477249273821,1.2450338058329284,37.964390331775896,0.05371689585597745,537.2150526997326
8326b36ddbdf006ce9a845beb9159fd56582c2af4bfab4fd8aab22cd2b7ae8bd,ADDR375,SaddleBrown,-1.62653718682999,-1.9836684900216628,38.04345265084127,0.7110150883924317,418.602742095224
df4db6f22b391a4e96102ff35e2da422ebff786051a127b8ef55538b33d538b1,ADDR294,Aqua,0.7716945540877963,-1.1031782326404405,34.81063145023747,-0.3521051261561392,451.7278633175868
e5e9297239bc248b3a0ee3fb8d87cfb11082f017c7b5b26866ebbd62dce75a2a,ADDR108,DimGray,-0.9968385015650161,-1.3666296446124686,37.71250863884946,-0.5542264217232774,378.3309069068038
17611af7b466ad55d55c4553bd22b9598054393802b1ba6f9dadbe718ce19673,ADDR224,BlanchedAlmond,1.8140552743921758,0.028083570198414187,36.28872395038688,0.8660571403744871,604.3348400688554
c4fdaf4f963976577e77bb9cd05a4589cf821ecd2fa71465a74ab402c19f69e3,ADDR77,Indigo,0.5269492895866003,-0.5346036935649894,36.628834292811774,-0.7253105806553066,444.2859074976436
c6ece0ddea3eb39345f43bee975931b65bac34b5e686497f0a6a7258b52306ab,ADDR208,Yellow,0.29097181780236925,-1.0014785781057527,36.77601657686874,1.232776058580276,562.0820453929382
eccc4e86bc9c6fbd38f960568d86d35dc4d7a8d018a46b612be3498d49838c7b,ADDR433,Cyan,-1.9570267025253039,0.29944435345203674,35.63211221551042,0.762494980032089,486.9470538397658
e2fe2636fcf7fdd5424d955f605d0db8697a11f997d92794bf8c3e59647072d2,ADDR452,LightSlateGray,0.923275752076161,-0.6021737460603426,36.83936583281821,-1.1719868782342808,436.7205558562188
97caaef59894c04e5659c0199144134ed462a97ee08f15b53952058a2e34177a,ADDR402,DarkSeaGreen,0.21238484080103037,-0.13031201897435363,36.5173461200418,-0.0957353817523697,506.37586675019753
7a0d0a43ea39935d23d439631b4f2fa2c8f46e495218f9bbb7046fc024b13f4f,ADDR489,PeachPuff,2.6476245899677284,0.038532476826651604,38.18776368086846,0.48613830844184863,597.7398788791847
527d58d8d79090dc91e034afa3441d12b4a1aca87fb05f441506ab79fd199e90,ADDR39,HoneyDew,-0.29637174445333114,-2.130211039888809,37.38831486719822,1.133798747046061,478.1703340540876
77dbec9c1e68b72d0fa97ebff2003a9c6d29545f32b9d560273cc3710c2e1587,ADDR425,PaleVioletRed,1.3597520357534196,-0.19888489013624971,37.86144725932397,-0.5112730044283623,491.9115050963458
39011cd3edb33c59721c4ddba017276fe7f7cfabb0147f520bfd6cab73718252,ADDR273,SteelBlue,1.4272847678358809,1.2376693307758737,36.76860309148005,-0.1782956938081974,582.4919237338106
ab1a131454ba89870584f08b1309f69ff0227922b06d84600396c1a52d116b11,ADDR395,DeepPink,-0.6218114949687813,1.7990401440952177,38.38195597213616,0.23373447542785808,557.6082620533542
ec4031d3eb6d0e504d27318d28734c07a89c8f5bbdf4474f090436c1d91d9cb2,ADDR410,LightCyan,-0.9716986911734302,-0.17885674370483454,35.18912244437772,0.8253611040943404,512.165866388158
9af101ab1b2962338c37a02aebf68991c84860e06535654f9174474de63c4d93,ADDR228,Moccasin,-1.1151069255087267,0.9977432584263812,37.60565280041329,-0.9195209555567778,461.92087689289787
1844416d0e0f683ff6258b31fd34062880cf552c5192f1188b4891bdd99f9331,ADDR212,PapayaWhip,1.0648085736835735,0.0176891069509965,36.05964597986499,0.44046549058913503,548.5185292758069
ecafccf508b9d5cc98ee270b42dfc85b87df23b63729a06adb7cc79e8138fdea,ADDR371,SeaGreen,0.6801066974910619,-1.9221693449598047,37.76304108154524,1.2655816035463292,521.2407802357948
80f1b47e7c21d6b08ba8ee923529b716be034fd628a70bfdb5ca6aa0d8bb14e3,ADDR142,SlateBlue,-1.2139704126876947,0.3318649265176113,35.97765170714366,-0.3008822046510564,472.9922466667984
cc4b2bf397726d43cb81b3434196d6d7e4a46baa74205c8e6985ce9599c4972e,ADDR390,LightCyan,1.1811405147880372,0.5769054688708496,37.02715036476952,0.8054925228763217,581.3089328795
0f0b4e99819a805d0bd710801bda956f4670d964dc11200471cd96ad21b7aaa1,ADDR282,DarkViolet,0.7720715447783285,-0.4654819759081951,38.4194685327455,1.0406742671488038,560.4437921717631
609e8fcf75c8e14342dbacbdb7ded29c9481859ec81ce22dbaf68cf9871360c9,ADDR7,DarkSlateBlue,-1.0399326499663517,-0.719932774265425,36.683776152869605,1.169211637107592,521.5721747578274
8d69a4baf8724d0c5b126c56149f023f9884094bd4d5c3e62146b19d366191ce,ADDR288,DarkSeaGreen,0.8879726035943931,0.8273651776704729,39.06886445133981,-2.1157166944123977,432.47206125141577
940f447e841a5a5262ceaf7656f2ac42d04bc6c8654cc128c607ed28745c5225,ADDR496,Tan,0.2025130110307057,1.478173268004697,36.4179847963968,0.2066603550231247,573.8474377162277
aa28bba74bc4dd616ef1d8b7117388c1867dce335ba2d57faeacece0d422b46d,ADDR1,Violet,1.4894465527550396,0.5683706167454562,39.57766801952616,0.5513404974405921,587.9510539684005
1f5e2ab9ff09fdc6746596a042e5a120c4209ce4b03e05d3c8642c5d7d9bafbd,ADDR154,DarkSlateGray,-1.1177854726264336,0.8782405541606747,36.96638889642577,2.4529933245595905,657.019923937652
1931b6c0f2b53d686db8caa5f83acf56439fbb25e189931584666bd342018e44,ADDR258,SeaShell,2.5455065759103754,-0.7070339083424505,36.63610411908917,0.49680792947443536,574.7472196620896
37cf8ee7a0bec6fd157f837e2bd0758a64be362a97931bef6e0fb3145e4fc9ac,ADDR413,DarkGoldenRod,0.8416118897398062,-0.5628802421492383,35.9380452301724,-0.5457235023944361,444.0538265727727
09931f5479238420c410998febc7384b513829dae4f82634996689018f5ca19f,ADDR73,Teal,-0.6673654782657578,-1.4110914197017779,38.00658317947767,-0.14725402681247393,418.1500810968496
6cee6792630b6af49b6b2b5a9af15bef9cddee09794eac745b7f7005ac61ae2f,ADDR356,SaddleBrown,0.3116796766043295,-1.1161708137273993,35.9745781075859,-0.9410314835266927,403.7669020956173
3dc3e72bf193ca1aaa609ae7f961bcc9a539c950c976e4abb972688f21496dcc,ADDR139,Sienna,0.51932798733143,-1.3504290354705117,37.45837473122323,0.326514561744278,476.1914133494556
a61901b158e934ef09e393a62f22c369d1bcc3a41e7d4953a572344956b67801,ADDR435,Violet,0.6407744310015318,-1.1002222753737114,36.35250276938114,-2.486462822701731,304.1355915788555
3dce520aadf2b3c1a32a5a609df82ef4ee861ffd7c991e49b9e97d651ddce232,ADDR11,Tomato,0.9738028021745947,1.2511652123759043,37.22580613162114,-1.0897739252678122,492.6060127179966
e4893c7f623a729edcca3cec0a22899d1cb9aded2cee50f094e14db0febb3ed8,ADDR93,Crimson,0.4415286357227524,-0.4242470417824858,36.05024078202619,0.4637823564973494,515.8288148548279
107869e65e61ca6859941b935aca67adbc201a4d88680caebecfc1f68882a9ba,ADDR25,Wheat,1.499952910446837,0.80620446335069,37.63575587790592,2.2155539073720787,700.9170916173961
d996701551d674646c8863c32dd5e2719c039d398d8849da1f0eb060491a1d49,ADDR45,Snow,-1.0165454370219569,1.3270656180514853,36.11243501077792,-1.3194474614907332,448.22982918655
de46fe463a0987e2a7342c796194d366f28258cd4ea7dfece3769e4bb211b762,ADDR323,LightSalmon,0.23007022955195877,-1.3536581080807981,36.14579171248221,0.5553875613174012,478.26212639683575
cbdfcfbc469acb5239a3bca520f36366c4b72807914fbdac92ca486f53506e2b,ADDR119,Fuchsia,-0.6515496855791388,0.0024680596094891713,38.3099078951232,0.33668131365197795,506.5473070543516
304c8e964f9fe08fe699cbf27ab0a75153797f96ad88dd2d5c4560f8ee020860,ADDR242,SlateBlue,-0.3608642210317951,0.5513048291793123,36.097220934711,0.7719833258691958,571.4710341154246
121e4f52c228b42b5fbe7d6be9b0dd163c1d3e89ef0a0eb9c9af5a0eba4cd0de,ADDR274,FloralWhite,0.5233648973439986,0.07169001958598466,36.57513377612486,1.957916916567163,640.7861663983061
90f2593cfb1aaa4630acf0efc6fffe527871db51292ac8d4c96f1c51047515b1,ADDR355,DarkKhaki,-0.6666331086210657,0.6306662417846008,35.12882235312117,-0.06567099874404114,508.771906741518
06ef944de604be5cc07ce790f8316aa3c199dbd1ed7727d8af9d27847baf6c05,ADDR448,Wheat,-0.13751317204817443,0.46890424918717594,37.80550943244919,-2.486462822701731,314.4385182951061
3b63a0b470aabd76449d05131bd4c15f36380da791b479d7eed0402f14b85a24,ADDR296,LavenderBlush,-1.767790304960876,-0.13955600852400005,36.19083323650043,-0.34828131687131014,432.7207178399336
01b94276cfdc9386183e115bbe27ccb0fa8654747174bc770dda0d06bb8bcba0,ADDR233,DarkGoldenRod,-0.06565932128701772,1.8216626914707834,37.79223754313027,0.7719310591687859,630.4227632299235
af62502c4c6f10394c6ba100d9d4b832ecaef26fc5e0c3100c7cdb58d393c481,ADDR279,DarkGreen,-0.4409061434472755,1.5891733840436169,37.74469969514907,-0.6904326951285339,530.3624688854229
876ba2143c02a91f911ec9b6ee7d138e872e1d63764ec41ca117293284e248fb,ADDR443,Lime,1.0668694373820133,-2.7789021898934814,35.906756365793065,-1.3258481907338353,308.52774655803336
765f6d261f21a3f445d216a1798605dc55809172be27e8d536c836f3898dc031,ADDR475,MediumBlue,0.6757877332974263,1.3836646453844637,37.0716431982524,-1.1959647380580591,492.55683370047706
94fdd03c2ad5473e4ae8418c9138f2f28d6f00ea7e4f7720cb41643e2dc371ab,ADDR444,GreenYellow,-0.014739821739428111,0.4170566625846905,37.64583878801402,0.5192998754217035,561.5165319790891
da901537d840eae5552a292467b0d17611ec893fec84a9f2ca4f40183a75e9cb,ADDR176,LightSalmon,0.2749629926048185,-0.39484715520104213,37.480911976267066,-1.8763030797946254,373.8857236969501
6101ddf497a2e57aa663532e032814221012f49101ec23104e23fd6b18cd41e5,ADDR196,LightSkyBlue,-1.2448816869020833,-1.3147455736058142,37.278639793707605,-0.026725306626588136,424.6752810132133
868adf599142a3bb78792ca6bbd5563c6beb96d19503866cb86d162556ca4caa,ADDR10,Brown,-1.1268245312494851,-0.27249990140933616,37.14516822352819,-0.35107497678101107,427.19938489532814
b1a0daa99bb286d9bb9186995cc10e14d3cebab4ee82bfe7a4271dcdb24d08a5,ADDR20,LightSeaGreen,-0.43073687313977166,1.9012779718031496,37.19050380039796,0.5328041744147615,605.061038804892
ea7783d648fd21947f03d16ddbc5edea08501e9443956fffc244dd578803d883,ADDR65,SpringGreen,-0.27262579186804853,1.1885513478831975,36.60077705432864,-0.0849162807318939,540.2634004105403
8c756d57a070ac65b0fa0677027b12fc7d478559760d0ed29f95c70183619469,ADDR292,Navy,0.5107952113053417,-1.551082789510545,37.03479128933126,-1.3644637580644166,378.4735664479011
4d9cb8b68b99c893b63a8cd2b575656de2b206c23447f436186666005fcd6896,ADDR143,Sienna,-0.4394962913717249,-1.548330886020457,35.73055240228659,0.3787828410490828,463.9235129903258
215af2dacdbfb9caea54c8fb4bf8a60da60c3ae475fd2e555602e624aae6a6e8,ADDR227,MediumBlue,-0.7558489636433725,0.08169349800303316,37.073616172195656,0.8803291869218093,547.1109823629461
765176520c7862dc229de58957f79267a63919cba45e0b00d20d3922a7666e3d,ADDR105,BlueViolet,-1.6856534311777667,-1.091768699314859,38.07445241970454,-0.11921421282933922,410.06961105998295
a95066ec362b707f1d9616b83913962dc8522c5aab363a888de4501468418411,ADDR12,Tomato,0.8581348436049719,-0.5016674117736234,37.087926070983805,0.17243952736871052,522.3374046069357
1d90829006b566d6b145ae56e2bbd697ddb349c080c290892699dab13a808fda,ADDR192,MediumPurple,-0.3340271457540879,-0.362084840755738,37.15315160406014,-0.24272441784443796,476.7667241547634
08e960504835cdd578b819c8e7591028f49a90073219fff62f6c9350decfaa52,ADDR387,LightYellow,0.17314923848769917,1.4439536638851451,38.95246252162795,-0.511354616528934,550.8133677324173
a447bc8ac13cab55d0b4020f14b1d30edd923ffce8f00d81977048e77905d3b1,ADDR438,CadetBlue,-1.0953846300612662,-0.6047832675784183,39.24096484164356,-0.012894176659103779,445.74984123965226
40a30c7e976509b5ccc86973df2361b01fa31f7d805dd9f6580b3c597b73c1e9,ADDR428,Black,0.5985698715297102,0.9006822633054085,39.67259095594186,0.435229637759222,581.7987976770314
6182dde171f201f2c2b872cea3a6b8cf1ad679bb917cac00928acee1707560e2,ADDR184,LightGray,0.08475257237532198,-0.577343705840466,37.25305774145061,-0.37207731826470186,452.1226250857849
cdc54e0cd7a76616071b825f56bf3e3dcff3436a97afc0a5267c122e826977b3,ADDR248,Turquoise,1.3925306345076467,2.132485156720507,37.52319665049046,0.5463704890946633,647.6194557251926
e60b604a201a5aae46b8499ba1d85784ed30a75729bf7fd817a45d26ac50a4bd,ADDR71,LightGreen,0.1172177174092301,-0.19919093452050637,36.265000697022046,-0.9670202286677476,444.96655165329264
2e966fa9ac5c515b668d32013d7207f2500b0d8acc1d27f6a5cd65c7185a4691,ADDR299,PaleVioletRed,0.5957955392767909,-0.9187699312862534,35.62658733096311,1.9666673601424924,587.5747994806404
999b23061cac63ad82f1138669e774b080c87c60bd51bedaff01f3ce5d45f8e9,ADDR231,DarkGreen,-0.7028935602671047,1.0175295384349026,35.57484166706179,0.09888532778289134,532.9352188376637
09bf6ae3a34b0aa45cf4ecb99b09fdd4daa179f7109ef22254910401c689cb66,ADDR166,DarkMagenta,-1.0131586735480282,0.6307102798320946,37.66110668399285,0.13411940037930545,513.4505711860965
6348e925afd4a2ad243190c73ffc7e894f67ffcb3e42fc8a36fd9fe90ac26e04,ADDR468,Orange,0.429287507173855,0.5771032176795018,36.36684324701071,-1.8648308830433167,436.5807403475482
7856dd4080a0c84a552f4ebdde1878dc804a606289f46289638a05ec19e6e48e,ADDR35,DarkSeaGreen,-0.2238909768087866,-0.451596003483603,35.36862632536302,0.5943831607591212,507.4418323396167
f76563dcbf49fd119382db71875aa0e92b14b37ec4f0c8afd66bbc66d25035f3,ADDR199,Thistle,0.4767686506575014,-0.42667574796172597,37.28139282998597,0.9576073900306639,560.5601606242603
d4058c159797cb667be2ac43eb9ef3b2b6001cd353fe05269ec0ceefaa3827b2,ADDR278,Coral,-0.8653217643539318,1.2376124647354125,36.897294609068695,1.5434957771639517,616.6602860166826
0f47cea9efd7f4fed3e17b68ae3941d2bc9a87bab1b49dad09d39c4c80830dec,ADDR389,DarkOrange,0.5629929970213436,-1.1438825684093772,36.17049420248099,-0.7806772701840367,407.5421680134348
c196e983bb7b5ae9be5f743efc6464c11dd11b6a0ac890d5e76605c3e6590b56,ADDR17,PowderBlue,-0.9338896141811309,-0.35270428404270054,34.8940927514398,-0.41946105490186925,457.84769594494855
efdaf743c7211dd4913011cb69d5bdae1aac70c9cc19f82c50901175cc2a7a27,ADDR373,LightSeaGreen,-1.236352326482621,-0.8179458162020924,36.9569654250941,-0.8986758896612292,385.152337987975
4fafc7bf8559ca174cf5d148046ec12ded546920743388b0122cbe2069de7d33,ADDR193,LightGreen,0.6696699446166748,-0.8834843031637423,35.49396408005127,0.48299479303215903,505.1196375282037
d5ae9fb6137585ca961b18f03c2d9b6cf63de295b7cadb9c74fe860a48b04557,ADDR445,DarkOrchid,-1.809770103286111,0.04563411117138464,35.4567981489283,-0.48516313241272724,423.4705331738239
be4062c1abbe797ef50eac2ec40dfc62ba05ff21e65a8c76ab7c7060500bafd8,ADDR69,LimeGreen,-0.6218938935913004,-0.7800021382975851,37.68040322813719,-0.7852337969090536,408.62018782983785
1bd758122b90b992302f63599ac84fbdddf57e4ec18660620ce34ce39718557b,ADDR261,LightCoral,2.043220317674794,2.337837789165168,37.37418350489759,0.3954304379542865,640.1877400085721
0bd676df75fd64e47d9b602ff5a9af8ae1a8163c33697d9a98883ae7f48c7bd9,ADDR22,Black,0.47369843537299755,0.7905308149409453,37.44102133556604,-2.03695173729002,419.9387748391792
67c8b9ffd989365ae1735543ecea8e622565d7b5cd11a72f24fabb3462bf71d4,ADDR144,LimeGreen,-0.9443801947319844,-0.16746728133650823,39.29404346247573,-2.155559113458243,350.0582001638451
a94a6e1b9083815fe117a9071a9d29115448d62f7e7469c4d5837916ea20aa69,ADDR185,DarkRed,0.05014716855882905,-0.22899849945912845,36.0869343253416,1.2936608278962702,577.2734549822936
74ca2e3cf4d206fb825b6f68eac3c20a05c1f81bd3a30c9c243bc97633ec7dba,ADDR249,DarkOliveGreen,-0.0814113024618021,-0.5401448015569899,36.947953692845566,-0.2769540143150865,448.34042501104767
913494ed4cbd6d464aa7408eca0cf66ceed0f543b9f4b26fc8cd5f9f672dafa3,ADDR213,MediumSeaGreen,0.27073284170508194,0.2914245414281724,38.76429717446252,0.3064351541111591,536.1308968550214
5e44dbf63bebb0f01b011c71cd6ee602cc1cd73bc88718b25923c496d62eb919,ADDR477,Beige,1.3253722169311153,-0.839375815659151,38.68258378408295,-1.4875831216241395,408.9583359406166
a3ac5fb12c1f7c2f031877c1892cc8bdf808979b3e0cbcd43230e750453d8983,ADDR290,Blue,1.3842722829464533,0.7203533946182619,38.55103028983871,-1.7795778965897147,467.4278485003528
106d7e28423a5bfc3f1e3497f104f61ca4e7f5a54e0bb643d4af47eccf81982b,ADDR399,DarkOliveGreen,1.124830261250555,-0.5179111678765864,38.918748541019504,0.5515811708944326,537.8252822957112
5dbd50070d274477cd1bca912ece5198e63c4749d528e59dfa77b6241d9f1da3,ADDR200,DarkMagenta,-2.2508062772367907,1.0124844685678138,35.90772142967966,-0.18818858915084083,467.5019004269896
6237246e2994026592995277f639081175a2f0492823564aeaa35aa4df9c6d0c,ADDR180,LightGreen,0.03704258073298604,0.23282484154527974,37.81915511227683,-0.10491683832185039,501.100245232053
c2ddccc461bcda51effc8c8155e75ae50f55ffb7f2b23236f4361e6b759bdd9a,ADDR64,Silver,-0.2550907775517802,-0.41645060224472896,37.4087484767376,-0.1337497350745282,483.15972078451705
8be70f061e8b514d3686e16350cffd27c0ffe91886b0078e6609e7eb953743fa,ADDR482,MediumOrchid,-1.0131447230616943,0.39552348502950424,35.536024530304154,-0.1550693164716513,497.38955775884335
da768a83b3d4ea80c778fc729049684d33205af5fbef3639fca44b6daa97884d,ADDR106,CadetBlue,0.43856513293717253,0.9978920107184205,35.84582711383271,-0.6340273285521462,497.5136833293677
8670e2c2625c8e218c9bd130db2f3d38805a4e53601f233c06628d230d732335,ADDR218,Moccasin,-0.9369772768305789,-0.6508008412995285,36.22355746230224,1.3413479355057387,528.9336185650203
2812ebe5231cd16720536b463509eb06a785a27ea6aeba275389eed87cb62da1,ADDR63,DarkTurquoise,-0.829766501452485,1.640514889899898,37.99702800956553,1.2898463052647566,613.5993233689068
70db580e73ddbbea2fd9a7e87f26f1f83d1bff1dbc638d8a5b96a8b70fb51c03,ADDR257,HotPink,1.3690160804700469,0.8434346179339323,36.36024719793431,0.253984567637688,574.6548433659395
e2b9d82cc1c053ee887c386b80863fb5947e465629834dbfdfdba31009a2756f,ADDR215,Tomato,-0.9813363816893469,0.6385743280775247,36.54466409871873,-2.467800711892973,357.8637186383917
630e878dab0a4bcb4d4df5f9b5fd0a6149b91a6fd04714737ce4f42cefabe3bd,ADDR70,SkyBlue,-0.8790112929265185,-0.8986035627024119,39.82807219856386,0.007755597939803443,451.575685159493
ca40874881b4f477c6256c44738619044c6dc9b795d775a1bc13c97dcb563eff,ADDR191,MediumSeaGreen,1.7101822742835824,-0.04799412507705802,37.63529940965426,1.115305256139455,612.3852298963607
a1f05300168b8450ebe16e7bf6e45af9553b1a4fd3c1e0eb169366fec20ef9b5,ADDR314,LightBlue,0.3521406817715811,0.5901040441989956,35.622530591605994,0.13924634232669622,528.3092250312227
d980d8d0e8fc5fb5673be04e93f90215d931f89d590277171aa5da8d9ee91339,ADDR327,NavajoWhite,0.1815967490276469,-1.0863131898907523,38.44276668680506,0.7166734293360884,505.23006828207065
60945b9b0a0ce0adba9d062584e4089bd3c5ece16f6234746793fecce1f92b83,ADDR406,MediumSlateBlue,0.4108293065289667,-0.8502110615801479,37.05261630809583,0.36862310374115126,508.7357409506604
100baeab4e2bbf61eb9443f85de01935c0766996ee9da74433ecc71e2da173f5,ADDR366,Wheat,-1.0307841833234508,0.5569304615609417,38.00182746752369,1.5313721615139007,594.2744834186117
91f428286b171d94414d41b114e79d95462f43f3e08b23d18abdfc22ea073310,ADDR6,FloralWhite,0.8496313410177834,-0.05986781374056226,34.47687762925054,1.9984702990665821,637.102447915074
fad414ff69ba3b362b42775c2289f2dd26518f6852540d0f93806983f060fc86,ADDR226,Navy,-0.2068993678666464,-1.8288717527417557,36.14390845634163,-2.486462822701731,256.67058229005585
7394e35e3bf76a8b5022cc4eed1d65153df10dcdf53f9b5d8cbb93246dfed2a9,ADDR107,PaleTurquoise,-0.7639112148009711,0.10355435309411458,36.15246208860067,0.24281593443472183,494.55186108657256
d037e8325ccdb63220a075540adb46b37bfebf0f338797aefa306d09375812e7,ADDR319,MistyRose,0.5030955050380964,1.5777062328493572,36.90022076162611,-0.030155390514697157,564.7909690079206
a92849710fb6bacb9d0987cca38b05dc364633fd6a4143f479cf406d862ed4db,ADDR235,White,1.1827258399637115,0.9459926961350505,37.07679515601331,-0.9350876022828175,493.18021624931
8a45db36657779d1131929befaa20831d6b797653c21d041e047ce87a8f50363,ADDR466,BlanchedAlmond,1.8511736406363788,0.32844755999321174,37.67232248424959,-0.42519901562713724,543.1326262891694
7cb8defdab5990cd218a3eea020cfe1ac71b5b2daf48eb15b15f0d04a4de06d0,ADDR409,SandyBrown,-0.039434672473993536,-0.8554326582271635,36.99529016635977,0.24269339110992996,467.8009243667916
41545e625147408d96a850ca65f80eb45adcd1290851de165ef11c9801d9bf21,ADDR494,MediumSeaGreen,-0.9997607728289177,0.5381755345713354,35.539142427505084,1.915236350646121,627.603318713015
38bd063114ee032bfc6bd9cbde802457fe867eb13dcb44dff0b6170ef6dd1513,ADDR18,OliveDrab,-0.7157452717623948,-0.0735878156882191,38.38513659413844,-1.1531631112280356,407.7045475495441
a64836df58c7c325193cde4233b8067d49c64825c5b2d8674aac1e814c820693,ADDR89,DarkKhaki,-1.1066440925719914,0.7414785677769885,36.951616684246815,1.0524839808662845,547.1259317471988
b423cd6f80366bd96e1bd8444c6a5b080d5591e57b8a747ca370b7291d5c89ec,ADDR81,DarkGreen,-1.5577860112223894,0.5084372681370903,39.6003764658614,0.21195452603638928,489.8124879964614
256b031c5089816d254bdfe2fc7844f30ced7bd0ff5a68724c76664eb05d37fd,ADDR182,Sienna,1.12735378888952,1.0900892590459992,38.856041708111945,-0.3221836237591222,557.5292736134538
e5a33bc0a5c9fc16816aebdf7cff856099c67b531e344bc30eb6fcde19ee2984,ADDR346,Purple,0.8737458805504795,-1.4751586701749062,37.97738873797974,-0.00816912275438041,461.7909590614097
7872494a35864353da8f1728530a3a7874772512e7839ec8de21b4f9cf20da7b,ADDR417,DarkViolet,0.4238547607394379,-1.0692544482040407,37.6373109611636,0.6071171744202762,511.0387860511611
38a583f66504e48b910d87d6b39e8d0cd4b31dfa0dd25fc43a840cd8d70c4e97,ADDR157,MediumBlue,-0.7609631688580905,0.3559321649125838,37.32784803784372,1.5793270008257836,586.1558701804728
0dd008647601227ed1829037a63d35419e32ffc3de0d679ad00dad5e018b8b2e,ADDR336,HoneyDew,-0.9252302347215021,-0.4738212444207281,39.24880390433504,-0.2008738934449606,443.4418600624623
dd10aee953532e9e13318b23c77c1d6e202a8b20838612d0a2f44284e3ea2dea,ADDR391,Gray,2.8819834459254405,-0.35590209979980175,36.8821490815068,-0.13218909387348818,546.5566668627299
bb9344d0f28ddedbcb426278de860870c346a293cbc6cd9dd14a7fe2a3db571b,ADDR470,YellowGreen,-1.910506477457109,1.8818815376011475,36.67395273856423,-1.8051236183739385,427.3565308022928
d0c34ac36439a1a035820518e57c1616b5873e30b60aeb8fddc68d4027f4c64e,ADDR97,SteelBlue,0.7672310412230718,-0.1443867153323239,38.06341358683894,0.5505015478536482,521.1429518103512
943d51c3928dec2c18f21d2b85c090c08bdf325a5d75a5e2152b9535f92232fd,ADDR486,Pink,0.33709150571511864,0.13553919426917022,36.35523488364423,-0.10058987923930311,515.5024796636585
2697044780411e73918763678c33fb2ad2fe73b319b6fe23c358942709f544c2,ADDR414,Cornsilk,-0.4570586065503024,-1.7707479537973787,36.72902940108787,1.2780284419975334,493.18126139071865
83f378425d9060722f9894d73bfb303dbba7ba432528ce25e2e32e839ccbc391,ADDR396,GhostWhite,-1.6280431752513145,0.7590705925764002,37.86921693600857,-0.12814834101383196,484.87696493512857
e66cb4bb44565b27d1129efd5a1eb9904feffe8cee2fefa44725af594d975780,ADDR101,LightPink,-0.5527914790298961,1.3228933039655022,35.9904889547585,-0.3697295897861179,518.0645579840107
f3b4f7ded125bb4d27da53372636c7c87d215069389c2f2d4ba5b77260ad25bc,ADDR116,Tomato,0.20041497929335145,-0.8628013600832983,37.69230086128235,-0.975325628089963,413.3717831104521
a826e07d05c35e9def9996cbfa52924a2f9bd6ea4de96ad51d24b63443158fe7,ADDR388,LemonChiffon,0.6113455522333688,-0.04730053255343572,34.48718474774243,-0.8265898068947417,458.78113168424994
441d4abb5361a7a8073120e0958a457b2b54786f624cfa06a2ef1794cdbd8731,ADDR309,Ivory,-0.40339548321549734,0.5502906531356044,36.5170857636486,1.724796679522287,604.8413188212227
00fda66c9eb9bcf6fee758c09d62fcdd215911ffb9ea52ab14453ec4e1b7a51b,ADDR146,WhiteSmoke,0.4472397779713889,0.4009163783778968,36.51838358912681,-0.2046426892759794,505.7711403229565
308c2d31a2bf82318e916ef889a3f3a3bcf281eda3d58a2bf264386faf2ad11e,ADDR341,RoyalBlue,-1.2495506926105244,2.1994686744072527,36.77386136993079,-0.5955048970437071,501.1224915036564
fbce5f0a776cdabbb911a6d273a1262c26cbefe99bf44dadc31e833b7edacb37,ADDR394,DeepPink,-0.7351997037733543,0.33101680570494185,36.155336204959546,-0.33130514802472943,482.8309858617018
3b9d9629613e2e5bd3f9f63f69efe0f993942684dd52c204441abf9f4b555213,ADDR54,SandyBrown,0.7382987463163917,-2.1006955102677156,35.93344930095986,0.31835648584030857,451.4574468676027
b69d4a7744c5f60579a98d97d71a99ad94f10dc6155bb31e589f4d7abb1363f8,ADDR109,Moccasin,0.11877469168694742,0.8440558663175518,38.16643555663392,0.31733302438066024,570.451725912857
67c065bca2f38dd9f368038597d4894bfc919d65d22fdd519e1bf3a513a031cb,ADDR150,LimeGreen,-0.668917632141214,-1.2242856146960077,36.584437621758106,0.460091042786278,465.8893127108669
66b03bab2e5a869efbaddfeea49146146505633700535793befa933a5d4be0da,ADDR440,Brown,0.8984747444401311,0.3416322959869943,37.30536187928602,0.6288763966390738,565.9943634015268
5480316a9ccc7259da2949eece51d639e79ae37a02a517d2e570d699db2dc9d4,ADDR322,PeachPuff,0.6483470132098276,0.8813697775661167,37.33310741829708,-0.3237456842412602,542.4124767293989
eb06b8f7eb1a725da701e232e7242c6908132c35802131a4cff6379221d786fc,ADDR483,Olive,-2.112629361038504,-0.35519974487773265,36.074551140168914,0.903914119047576,494.6386097568927
c13a9fefd8fece0770a2e0adb22e798a9faa31f95aabee3c8db36be6f50720a0,ADDR49,MediumBlue,0.07945891951899177,-0.22254059519691755,36.58272776540628,-0.3513569101183224,479.73194908594513
8081a5567f02d986d87ea0c3f367871881be0d6e6b126aa5de270a946e04ae0d,ADDR61,SkyBlue,0.8585674951068302,0.40843514575108847,38.05260975257308,1.1223408477719559,616.8515229667128
20ee6114b1e66b520e662de56d0ff6b0ee1a725759916acd8a99ae7e3ce9d6d8,ADDR250,Teal,0.756778659371862,-0.16907225106026483,36.84473381504451,0.09221716912748507,518.7864830920807
ea9177ac0fa1772006643edd069812c40441a9090a895bef2d31bbce8a5624a7,ADDR315,Brown,-0.164464743606586,0.9449622887672321,37.87095205416159,1.178150316937415,610.1280331303979
6d82d3c605258f505944b05119dcc2ed7e369596a344fbe41589ec055e33a90f,ADDR84,Turquoise,-0.6508966284371951,-1.2103410836154247,37.78114255999947,-1.672896010719178,338.3198626415221
2896b026d6571a88c0146e3a4ae013d0bc5b9d7afeef4a7078668a76c791aae1,ADDR216,DarkSlateGray,0.5786383955533531,1.5970403390655064,34.89198326749108,-0.8818904367575021,529.0566631985306
0e8d78efd9f9176476b6034b7193815416482c701177a6316980711beb133444,ADDR432,Bisque,1.1295050822401775,0.8151928752937708,36.61119877576035,-1.3550315914583537,475.0716298996618
87b392e65f6f172641944050990f52c7325ac0c68ef59250fa7594479e32f21a,ADDR130,Green,-0.27354012606835,-0.5455839053327286,37.526421027792445,-0.6370218366266546,431.6177337614297
434ab6f0a05cdf622b95e6f8ab750f1c0ab5ae7cec02d6eef374e6147468a342,ADDR114,PeachPuff,-0.3946451316670834,-0.4839319767347217,37.3096887708795,-0.7750376379413512,422.42677587650905
aabbf4dac3a78c025e7fe3225f1956cd30fc36ca06aaedcc3df319d800bc5311,ADDR254,PeachPuff,-1.3437772402238601,1.084606474006163,36.19975347391624,0.013052181140677544,503.3878872879605
b38fe11b538fb66e47bec82558130f9bda8196a2f8da311609c896632671cf9b,ADDR48,BlueViolet,-0.31944525364588594,0.9009715874038527,36.46200325853961,0.5827321892554814,563.6728733601082
2cf8f1e5e66af737a249023f0e8b8453a2a2a13c8b9cd3a28baf0213a596b673,ADDR461,Pink,1.0162958238736328,1.5045058843737347,36.83865678634849,0.062408525814623826,618.8459704239658
8afa5de0e82e4d8efd11fb282dad65ce1eca231dd07486ec9a48d4547a532cdb,ADDR117,SlateBlue,0.9055762502396635,-0.07575894879216485,36.701052315547926,-0.8120007226252227,479.23109291159307
0054577db2fedcc0c2ef1dacd9cf68f593c88f86f51bf31f96310486ee0f3888,ADDR53,DarkBlue,1.1732395474491086,-1.7653538053399145,37.45340510152358,-1.4874497440985466,384.6265715694054
7bbdaa2dd118782f822697472be9c59f910ee63ea7b9bc46274d5ec4af27e9cb,ADDR398,CadetBlue,0.9942843786182761,0.8270888517791827,36.04620351842453,-0.05852414843584365,547.7099885778625
fa2aada4e30f40369e859e06f1c853f8df4ab69bbae083666a97384b7190b141,ADDR140,Aquamarine,-1.1080710964112463,-1.1228367404425046,37.327282689879496,0.0344072182957773,439.997879939927
d211f92f8fe366c60721af414ecfb8cca7fb2b3609957ee5badbb1c7c9ae194b,ADDR362,Cornsilk,-0.9827233671596898,-1.7376146344132934,39.04515569638811,-0.11336797574460367,401.0331352191061
3cab36544c9c789d5f904ea6dfe47314c25deb45bd64139044b1aacb0008d864,ADDR280,LightSteelBlue,-0.7943096664496939,-0.44152752062836226,37.02687697079434,-0.3162767148028589,442.3631173838644
f407fd85633ef704177674fab041d4aa4ea4141494146903b311885340bcfcc7,ADDR239,YellowGreen,-1.8173892229443793,1.1790060977290198,36.97119509745716,-1.3106627209695207,421.3266312569514
e1f8d39a39e6de88e10a9633aa3f3d9afb2b8a3c2b1f21e820a9886a9541116e,ADDR24,Silver,-0.1391506347087467,-0.4289309172375888,36.77260376125875,0.38382680804692443,519.3409891307888
f7270192007d3c7f581b26ba22bfee7e589ba3a936409baa2f04314c8ad44656,ADDR360,Brown,-1.0065576397305849,1.062006069824127,37.65040020345744,0.667236891732903,561.874657668983
94aa56d31489c41fc674dd46d072be6d0d96b02c3e9d16eb22a4ff1b1f7edaab,ADDR156,LightSkyBlue,-0.6027232062140958,1.36982265237992,37.23880567308968,-0.6191850870385348,503.9783790525795
03221b567a9373b1597cb0b49e3c28898aa782917ad86e351bca8ab5e1f73c73,ADDR8,Aqua,-0.30681881255944515,0.2649138582539146,37.373358858547554,0.9120266510381818,549.9041461052942
2b85a65fbcde505e012473bcb2a79bfed963a0bf921564536365cfd399dbeefa,ADDR195,LawnGreen,0.4291419479100997,-0.6976857242970922,37.90913871755985,-1.0035832134866323,434.0216997527185
17d2a92d903cd577c37f4a0b8a15671d71e15623ca8f12d59eaf8df0ebd430ce,ADDR276,PaleGoldenRod,-0.690997831760593,0.3740056882830721,37.74560774187829,1.1479196314454854,570.6300980875259
2ea018e9abab9e71e70aa6c38b8db5528d92d5ccff9757e7c47d1d75f36df8d8,ADDR404,OliveDrab,0.04684569180547007,1.005917305936516,38.31564796064117,1.2362330060213378,632.1235881419656
27cfba891b0bd8cc0be5d63207c206c7eb13f405b8018b07fc97d08f90df9205,ADDR122,ForestGreen,0.6765230051895389,-0.5224119499096403,37.67321036564864,1.2010979679797404,576.8025473995871
4307fc95ccb4a6883b9cd5f796673ddc76be458003235ac4fc8a081df7e6cf7c,ADDR295,Ivory,0.7473211805711305,-0.9321503935234936,37.24032955207884,1.214821219929662,557.6341089957288
4ce4da1dcfe8ce95f58ad5c73734a0b2e59f15e44a3cfe92be1c41c6fe80dfef,ADDR82,LimeGreen,1.5882989360382764,-1.1386976276491587,35.88399438701215,-0.3952325261595448,462.8976361529081
270edcc72b5bb4553d0c57568c1efe192ddffbe6fd9da8bdf884181d617cdfa4,ADDR211,Tomato,-1.3014624621282493,0.35550115713738395,38.13171202563648,0.3130310657136968,496.55408163560713
85120c9c5a9f517a588170603a999b3daa8b240c5610668d7746fa32128b894a,ADDR30,DarkOrchid,0.06742255773275302,-0.12172516239850557,37.27781174207212,1.2282505338668852,554.7220838330761
33072d7d65c75027a4f24915aa218606fdbfbd592f435b61fef2c50037754da1,ADDR163,DarkViolet,0.26812785875450235,0.45528824614739505,38.31136489758187,0.22921420370207393,536.4231045259343
bf89d53b71c17d33dc7905c6c1f564c9e3d1206e6ad0b94e1cd2cd3eb3f74ca0,ADDR493,DarkBlue,0.6554063812336315,-0.884583465499485,37.83544772741218,-1.3706013139779967,403.8195198321978
e449482153193ac71d546191c6593c44d20c92530b6aec089d9f5e8276bade7c,ADDR28,MediumSlateBlue,-0.718718079843765,0.9202658963417301,37.85177916943607,-0.5628196479433005,486.83893476506273
0fa22de898e99177b55ab24bbf916bc8f4370027ff1e402257c485c56d22da69,ADDR368,SlateBlue,-0.04990764511442974,-1.6443288882989726,35.93896250240334,-0.6667109597883093,407.657178759326
2adc10c80d7f83d92290ec1aea0a78bd0c1fa22f5ba26259ba34983f5f524783,ADDR134,LightGray,-0.596945809217733,0.671808200854092,36.599112354294384,0.6012464016613248,542.7115581025776
fad2da34beef51967a253ed5eb3b4567f0691ae835f9415aa83191378a96a93e,ADDR169,MediumAquaMarine,0.6178489655056629,1.0723485285783465,36.4077474507818,-0.5435256592911324,506.5363931400864
31dc6f322e141738b452d208130e0d78bb404df777ba8c8a9ed6805f98e5a42e,ADDR9,Salmon,0.9688987948185436,1.298388405272246,37.534497341555735,-0.27863317223302114,570.2004089636195
d8463971432ad399d1af8cececd9558c1e096ebff34a4a5f39672591f2faac5f,ADDR384,Brown,1.1736576593918069,1.0423734073649085,35.42933438847124,0.2517692673745419,583.9778019715428
fdf2c853297f9c3901cf5a174f1dbe6452fb4735ecde3042cf77da3a564e3c83,ADDR426,MidnightBlue,1.063392398600606,-0.49501586835023725,36.456898410524325,1.1362226300151237,574.4156896079882
30ed049f87abe836f4b933c985716bb85b2fc48c7839abb08667db3dd30c38e3,ADDR291,FloralWhite,-0.6295087854395592,0.9706852844132078,37.26387556144864,-0.1764016980919231,503.2173931191067
66f4f74d3770be913de27827e43b4caae1351f1cdd74e6d4c49430e07e20e193,ADDR424,Blue,0.09118178772322738,-1.6870730764502009,36.68339299807869,0.32281444943979865,461.11224843060927
05caf8c394a20ef6ccae1a24eeb89fcd2a4335bf51f2dc4a5fcadaec9273176f,ADDR94,MidnightBlue,0.6857671489784659,1.576685105941573,37.72438615760942,-2.2384767732975255,439.074766741645
e6764c3b84e83e7850463d8d0215283bf8302760afd8a1a0004c9c02b1b8f99d,ADDR473,Orange,0.640135503018379,0.1767409646304512,38.86023443032663,-0.41597964475070537,469.38314617236114
602bb0bcc977cea695f5077ab51f4bcee58c9283309462913afebde827103fa1,ADDR46,BurlyWood,1.5492159211403997,0.08362095480680581,39.13109673366661,0.12104873810635697,549.860590464497
6e820ae0f180500e957a74ea8a374461ff3ea30110a126fcbb91344d5e987469,ADDR253,DarkCyan,0.3785126617590045,-0.05985094396733813,36.13389429009422,-1.2633797532439555,426.154547713103
3567bcaf9c1e9cd38a554d3ad975653cdc386c95c0c992ff3f2e816fa34fbc15,ADDR15,DarkBlue,-0.6656040804716556,1.061062935560123,36.61995708279922,-1.077531437125989,470.45273330095546
6681619ac2a2b2a9ea242d5c5912afd850b371dbf2331d10e5a6715271894057,ADDR147,Purple,-0.9430713487443152,0.2936275890777454,37.23200330765404,-0.4672631891926474,463.484995404266
923ec748a96113fd4cba2ead25e27bcb82276b1d97b595d129cecc159a36847f,ADDR478,Beige,-2.0210350008849045,0.2705885900793611,36.16604163340145,0.5582230793567095,487.5554580579016
610e55c22d940c7188704cef13d47b9e1ee5eaa744ca9079c44ac6e5b00f501e,ADDR485,DarkRed,0.41754384264935007,-0.18294099244275777,36.87454360467994,-0.7819135319517805,462.65651893471335
31d6e3637d9fefc7f23fddc53baa56a690d853768d33916cb3a27919d0e8cc76,ADDR480,LightPink,1.6007853668085317,-0.3247038935447371,38.12651979793058,-1.7685715006725777,402.1671222237256
df6c29771a264d8839513fadd7330ad2706f61cec6f19991781f644ba0fb4ca5,ADDR393,OrangeRed,0.22353727421997038,-0.5714472105045806,37.128039498322295,1.1464701357218874,549.131573287217
ed6826af7578f36cd1ed0aaf54e3d666ac06c56f18e98bd79129e3bca3548586,ADDR85,LightGreen,1.651096871279528,-1.747411284926607,36.15725594420065,0.8734386851676881,533.5149352552407
2c8a9166815456aa3cb3fbfd45cecc533fc7443019089c71c2abb8fdc08d91dc,ADDR492,SeaShell,1.3327740676701714,-0.3934761475640298,36.81293412550146,-0.10051284661816169,510.50147847479735
723a955e15eac3f1b0883fda48c4194624168f35a44dad9201e1a878f8bd66c4,ADDR359,Aquamarine,-0.3923814835791137,-0.16784967329660194,35.71626915951701,-1.421001230277988,382.4161078654751
713ddfb8c8e107250d3116bcbd3ea6c19687f01613e374e1357a59e5f0be03de,ADDR357,Orchid,0.6470498825974234,1.3326722748320392,37.76369040280343,1.281314253694827,640.5840618984408
72816461b059536456d66b0e46d95172789ae93783d7dff67c5f990d6ba2cfa8,ADDR449,AliceBlue,-0.8529022393968194,0.3935566030577787,37.680287608367976,-0.27244552075101774,478.5842860083426
e473b68ebab913f06986bbe49362562314038900bc53b454e7f7764129663389,ADDR301,Thistle,-1.159203530558836,0.14077946672919178,36.98591347608606,0.23214579430153953,473.94985742281614
302ca81e317e9a3d42b87df92264560231fda42d0f635e26beb6de7e40879be0,ADDR133,Azure,1.3003302688716638,-0.2760386864615107,37.41413357473937,-1.0990170686081349,452.627254995083
860a1b1c55537c001ae1954460571d43f6f5132f021422a702ba219ecd81ae29,ADDR374,DarkKhaki,-1.7095338029168523,-0.9229640321432251,37.088319364334765,0.07719963895833497,430.58888255648486
